"","cage","treatment","side","value","time","Date"
"1",1,"b2","sw",125,-1,2023-06-27
"2",1,"b2","sw",125,-1,2023-06-27
"3",1,"b2","sw",125,-1,2023-06-27
"4",1,"b2","sw",125,-1,2023-06-27
"5",1,"b2","sw",125,-1,2023-06-27
"6",1,"b2","sw",125,-1,2023-06-27
"7",1,"b2","sw",125,-1,2023-06-27
"8",1,"b2","sw",125,-1,2023-06-27
"9",2,"45","ne",125,-1,2023-06-27
"10",2,"45","ne",125,-1,2023-06-27
"11",2,"45","ne",125,-1,2023-06-27
"12",2,"45","ne",125,-1,2023-06-27
"13",2,"45","ne",125,-1,2023-06-27
"14",2,"45","ne",125,-1,2023-06-27
"15",2,"45","ne",125,-1,2023-06-27
"16",2,"45","ne",125,-1,2023-06-27
"17",3,"t2","sw",125,-1,2023-06-27
"18",3,"t2","sw",125,-1,2023-06-27
"19",3,"t2","sw",125,-1,2023-06-27
"20",3,"t2","sw",125,-1,2023-06-27
"21",3,"t2","sw",125,-1,2023-06-27
"22",3,"t2","sw",125,-1,2023-06-27
"23",3,"t2","sw",125,-1,2023-06-27
"24",3,"t2","sw",125,-1,2023-06-27
"25",4,"b2","ne",125,-1,2023-06-27
"26",4,"b2","ne",125,-1,2023-06-27
"27",4,"b2","ne",125,-1,2023-06-27
"28",4,"b2","ne",125,-1,2023-06-27
"29",4,"b2","ne",125,-1,2023-06-27
"30",4,"b2","ne",125,-1,2023-06-27
"31",4,"b2","ne",125,-1,2023-06-27
"32",4,"b2","ne",125,-1,2023-06-27
"33",5,"45","sw",125,-1,2023-06-27
"34",5,"45","sw",125,-1,2023-06-27
"35",5,"45","sw",125,-1,2023-06-27
"36",5,"45","sw",125,-1,2023-06-27
"37",5,"45","sw",125,-1,2023-06-27
"38",5,"45","sw",125,-1,2023-06-27
"39",5,"45","sw",125,-1,2023-06-27
"40",5,"45","sw",125,-1,2023-06-27
"41",6,"b2","ne",125,-1,2023-06-27
"42",6,"b2","ne",125,-1,2023-06-27
"43",6,"b2","ne",125,-1,2023-06-27
"44",6,"b2","ne",125,-1,2023-06-27
"45",6,"b2","ne",125,-1,2023-06-27
"46",6,"b2","ne",125,-1,2023-06-27
"47",6,"b2","ne",125,-1,2023-06-27
"48",6,"b2","ne",125,-1,2023-06-27
"49",7,"45","sw",125,-1,2023-06-27
"50",7,"45","sw",125,-1,2023-06-27
"51",7,"45","sw",125,-1,2023-06-27
"52",7,"45","sw",125,-1,2023-06-27
"53",7,"45","sw",125,-1,2023-06-27
"54",7,"45","sw",125,-1,2023-06-27
"55",7,"45","sw",125,-1,2023-06-27
"56",7,"45","sw",125,-1,2023-06-27
"57",8,"b2","ne",125,-1,2023-06-27
"58",8,"b2","ne",125,-1,2023-06-27
"59",8,"b2","ne",125,-1,2023-06-27
"60",8,"b2","ne",125,-1,2023-06-27
"61",8,"b2","ne",125,-1,2023-06-27
"62",8,"b2","ne",125,-1,2023-06-27
"63",8,"b2","ne",125,-1,2023-06-27
"64",8,"b2","ne",125,-1,2023-06-27
"65",9,"t2","sw",125,-1,2023-06-27
"66",9,"t2","sw",125,-1,2023-06-27
"67",9,"t2","sw",125,-1,2023-06-27
"68",9,"t2","sw",125,-1,2023-06-27
"69",9,"t2","sw",125,-1,2023-06-27
"70",9,"t2","sw",125,-1,2023-06-27
"71",9,"t2","sw",125,-1,2023-06-27
"72",9,"t2","sw",125,-1,2023-06-27
"73",10,"45","ne",125,-1,2023-06-27
"74",10,"45","ne",125,-1,2023-06-27
"75",10,"45","ne",125,-1,2023-06-27
"76",10,"45","ne",125,-1,2023-06-27
"77",10,"45","ne",125,-1,2023-06-27
"78",10,"45","ne",125,-1,2023-06-27
"79",10,"45","ne",125,-1,2023-06-27
"80",10,"45","ne",125,-1,2023-06-27
"81",11,"b2","sw",125,-1,2023-06-27
"82",11,"b2","sw",125,-1,2023-06-27
"83",11,"b2","sw",125,-1,2023-06-27
"84",11,"b2","sw",125,-1,2023-06-27
"85",11,"b2","sw",125,-1,2023-06-27
"86",11,"b2","sw",125,-1,2023-06-27
"87",11,"b2","sw",125,-1,2023-06-27
"88",11,"b2","sw",125,-1,2023-06-27
"89",12,"45","ne",125,-1,2023-06-27
"90",12,"45","ne",125,-1,2023-06-27
"91",12,"45","ne",125,-1,2023-06-27
"92",12,"45","ne",125,-1,2023-06-27
"93",12,"45","ne",125,-1,2023-06-27
"94",12,"45","ne",125,-1,2023-06-27
"95",12,"45","ne",125,-1,2023-06-27
"96",12,"45","ne",125,-1,2023-06-27
"97",13,"t2","sw",125,-1,2023-06-27
"98",13,"t2","sw",125,-1,2023-06-27
"99",13,"t2","sw",125,-1,2023-06-27
"100",13,"t2","sw",125,-1,2023-06-27
"101",13,"t2","sw",125,-1,2023-06-27
"102",13,"t2","sw",125,-1,2023-06-27
"103",13,"t2","sw",125,-1,2023-06-27
"104",13,"t2","sw",125,-1,2023-06-27
"105",14,"b2","ne",125,-1,2023-06-27
"106",14,"b2","ne",125,-1,2023-06-27
"107",14,"b2","ne",125,-1,2023-06-27
"108",14,"b2","ne",125,-1,2023-06-27
"109",14,"b2","ne",125,-1,2023-06-27
"110",14,"b2","ne",125,-1,2023-06-27
"111",14,"b2","ne",125,-1,2023-06-27
"112",14,"b2","ne",125,-1,2023-06-27
"113",15,"45","sw",125,-1,2023-06-27
"114",15,"45","sw",125,-1,2023-06-27
"115",15,"45","sw",125,-1,2023-06-27
"116",15,"45","sw",125,-1,2023-06-27
"117",15,"45","sw",125,-1,2023-06-27
"118",15,"45","sw",125,-1,2023-06-27
"119",15,"45","sw",125,-1,2023-06-27
"120",15,"45","sw",125,-1,2023-06-27
"121",1,"b2","sw",312,26,2023-07-24
"122",1,"b2","sw",241,26,2023-07-24
"123",1,"b2","sw",311,26,2023-07-24
"124",1,"b2","sw",163,26,2023-07-24
"125",1,"b2","sw",137,26,2023-07-24
"126",1,"b2","sw",54,26,2023-07-24
"127",1,"b2","sw",104,26,2023-07-24
"128",1,"b2","sw",772,26,2023-07-24
"129",2,"45","ne",137,26,2023-07-24
"130",2,"45","ne",124,26,2023-07-24
"131",2,"45","ne",98,26,2023-07-24
"132",2,"45","ne",62,26,2023-07-24
"133",2,"45","ne",118,26,2023-07-24
"134",2,"45","ne",121,26,2023-07-24
"135",2,"45","ne",87,26,2023-07-24
"136",2,"45","ne",78,26,2023-07-24
"137",3,"t2","sw",277,26,2023-07-24
"138",3,"t2","sw",175,26,2023-07-24
"139",3,"t2","sw",228,26,2023-07-24
"140",3,"t2","sw",110,26,2023-07-24
"141",3,"t2","sw",75,26,2023-07-24
"142",3,"t2","sw",35,26,2023-07-24
"143",3,"t2","sw",107,26,2023-07-24
"144",3,"t2","sw",340,26,2023-07-24
"145",4,"b2","ne",6,26,2023-07-24
"146",4,"b2","ne",18,26,2023-07-24
"147",4,"b2","ne",69,26,2023-07-24
"148",4,"b2","ne",80,26,2023-07-24
"149",4,"b2","ne",175,26,2023-07-24
"150",4,"b2","ne",197,26,2023-07-24
"151",4,"b2","ne",128,26,2023-07-24
"152",4,"b2","ne",56,26,2023-07-24
"153",5,"45","sw",149,26,2023-07-24
"154",5,"45","sw",263,26,2023-07-24
"155",5,"45","sw",382,26,2023-07-24
"156",5,"45","sw",343,26,2023-07-24
"157",5,"45","sw",207,26,2023-07-24
"158",5,"45","sw",124,26,2023-07-24
"159",5,"45","sw",188,26,2023-07-24
"160",5,"45","sw",134,26,2023-07-24
"161",6,"b2","ne",114,26,2023-07-24
"162",6,"b2","ne",44,26,2023-07-24
"163",6,"b2","ne",63,26,2023-07-24
"164",6,"b2","ne",122,26,2023-07-24
"165",6,"b2","ne",143,26,2023-07-24
"166",6,"b2","ne",116,26,2023-07-24
"167",6,"b2","ne",224,26,2023-07-24
"168",6,"b2","ne",213,26,2023-07-24
"169",7,"45","sw",556,26,2023-07-24
"170",7,"45","sw",185,26,2023-07-24
"171",7,"45","sw",102,26,2023-07-24
"172",7,"45","sw",191,26,2023-07-24
"173",7,"45","sw",220,26,2023-07-24
"174",7,"45","sw",136,26,2023-07-24
"175",7,"45","sw",598,26,2023-07-24
"176",7,"45","sw",115,26,2023-07-24
"177",8,"b2","ne",157,26,2023-07-24
"178",8,"b2","ne",19,26,2023-07-24
"179",8,"b2","ne",49,26,2023-07-24
"180",8,"b2","ne",109,26,2023-07-24
"181",8,"b2","ne",122,26,2023-07-24
"182",8,"b2","ne",108,26,2023-07-24
"183",8,"b2","ne",104,26,2023-07-24
"184",8,"b2","ne",94,26,2023-07-24
"185",9,"t2","sw",94,26,2023-07-24
"186",9,"t2","sw",168,26,2023-07-24
"187",9,"t2","sw",213,26,2023-07-24
"188",9,"t2","sw",187,26,2023-07-24
"189",9,"t2","sw",99,26,2023-07-24
"190",9,"t2","sw",58,26,2023-07-24
"191",9,"t2","sw",66,26,2023-07-24
"192",9,"t2","sw",130,26,2023-07-24
"193",10,"45","ne",87,26,2023-07-24
"194",10,"45","ne",146,26,2023-07-24
"195",10,"45","ne",144,26,2023-07-24
"196",10,"45","ne",64,26,2023-07-24
"197",10,"45","ne",104,26,2023-07-24
"198",10,"45","ne",120,26,2023-07-24
"199",10,"45","ne",184,26,2023-07-24
"200",10,"45","ne",258,26,2023-07-24
"201",11,"b2","sw",107,26,2023-07-24
"202",11,"b2","sw",93,26,2023-07-24
"203",11,"b2","sw",104,26,2023-07-24
"204",11,"b2","sw",227,26,2023-07-24
"205",11,"b2","sw",667,26,2023-07-24
"206",11,"b2","sw",167,26,2023-07-24
"207",11,"b2","sw",88,26,2023-07-24
"208",11,"b2","sw",243,26,2023-07-24
"209",12,"45","ne",63,26,2023-07-24
"210",12,"45","ne",61,26,2023-07-24
"211",12,"45","ne",48,26,2023-07-24
"212",12,"45","ne",76,26,2023-07-24
"213",12,"45","ne",182,26,2023-07-24
"214",12,"45","ne",237,26,2023-07-24
"215",12,"45","ne",108,26,2023-07-24
"216",12,"45","ne",28,26,2023-07-24
"217",13,"t2","sw",215,26,2023-07-24
"218",13,"t2","sw",103,26,2023-07-24
"219",13,"t2","sw",235,26,2023-07-24
"220",13,"t2","sw",221,26,2023-07-24
"221",13,"t2","sw",145,26,2023-07-24
"222",13,"t2","sw",73,26,2023-07-24
"223",13,"t2","sw",300,26,2023-07-24
"224",13,"t2","sw",264,26,2023-07-24
"225",14,"b2","ne",136,26,2023-07-24
"226",14,"b2","ne",191,26,2023-07-24
"227",14,"b2","ne",116,26,2023-07-24
"228",14,"b2","ne",56,26,2023-07-24
"229",14,"b2","ne",26,26,2023-07-24
"230",14,"b2","ne",24,26,2023-07-24
"231",14,"b2","ne",172,26,2023-07-24
"232",14,"b2","ne",79,26,2023-07-24
"233",15,"45","sw",333,26,2023-07-24
"234",15,"45","sw",236,26,2023-07-24
"235",15,"45","sw",311,26,2023-07-24
"236",15,"45","sw",330,26,2023-07-24
"237",15,"45","sw",255,26,2023-07-24
"238",15,"45","sw",116,26,2023-07-24
"239",15,"45","sw",58,26,2023-07-24
"240",15,"45","sw",94,26,2023-07-24
"241",1,"b2","sw",483,33,2023-07-31
"242",1,"b2","sw",360,33,2023-07-31
"243",1,"b2","sw",208,33,2023-07-31
"244",1,"b2","sw",52,33,2023-07-31
"245",1,"b2","sw",73,33,2023-07-31
"246",1,"b2","sw",202,33,2023-07-31
"247",1,"b2","sw",472,33,2023-07-31
"248",2,"45","ne",425,33,2023-07-31
"249",2,"45","ne",93,33,2023-07-31
"250",2,"45","ne",88,33,2023-07-31
"251",2,"45","ne",33,33,2023-07-31
"252",2,"45","ne",19,33,2023-07-31
"253",2,"45","ne",27,33,2023-07-31
"254",2,"45","ne",54,33,2023-07-31
"255",2,"45","ne",253,33,2023-07-31
"256",3,"t2","sw",440,33,2023-07-31
"257",3,"t2","sw",371,33,2023-07-31
"258",3,"t2","sw",186,33,2023-07-31
"259",3,"t2","sw",27,33,2023-07-31
"260",3,"t2","sw",21,33,2023-07-31
"261",3,"t2","sw",28,33,2023-07-31
"262",3,"t2","sw",87,33,2023-07-31
"263",3,"t2","sw",190,33,2023-07-31
"264",4,"b2","ne",251,33,2023-07-31
"265",4,"b2","ne",183,33,2023-07-31
"266",4,"b2","ne",175,33,2023-07-31
"267",4,"b2","ne",71,33,2023-07-31
"268",4,"b2","ne",38,33,2023-07-31
"269",4,"b2","ne",41,33,2023-07-31
"270",4,"b2","ne",63,33,2023-07-31
"271",4,"b2","ne",273,33,2023-07-31
"272",5,"45","sw",643,33,2023-07-31
"273",5,"45","sw",450,33,2023-07-31
"274",5,"45","sw",485,33,2023-07-31
"275",5,"45","sw",78,33,2023-07-31
"276",5,"45","sw",87,33,2023-07-31
"277",5,"45","sw",79,33,2023-07-31
"278",5,"45","sw",102,33,2023-07-31
"279",5,"45","sw",374,33,2023-07-31
"280",6,"b2","ne",266,33,2023-07-31
"281",6,"b2","ne",179,33,2023-07-31
"282",6,"b2","ne",88,33,2023-07-31
"283",6,"b2","ne",62,33,2023-07-31
"284",6,"b2","ne",54,33,2023-07-31
"285",6,"b2","ne",50,33,2023-07-31
"286",6,"b2","ne",85,33,2023-07-31
"287",6,"b2","ne",200,33,2023-07-31
"288",7,"45","sw",526,33,2023-07-31
"289",7,"45","sw",739,33,2023-07-31
"290",7,"45","sw",327,33,2023-07-31
"291",7,"45","sw",85,33,2023-07-31
"292",7,"45","sw",42,33,2023-07-31
"293",7,"45","sw",93,33,2023-07-31
"294",7,"45","sw",90,33,2023-07-31
"295",7,"45","sw",227,33,2023-07-31
"296",8,"b2","ne",369,33,2023-07-31
"297",8,"b2","ne",177,33,2023-07-31
"298",8,"b2","ne",239,33,2023-07-31
"299",8,"b2","ne",73,33,2023-07-31
"300",8,"b2","ne",82,33,2023-07-31
"301",8,"b2","ne",55,33,2023-07-31
"302",8,"b2","ne",133,33,2023-07-31
"303",8,"b2","ne",379,33,2023-07-31
"304",9,"t2","sw",264,33,2023-07-31
"305",9,"t2","sw",357,33,2023-07-31
"306",9,"t2","sw",263,33,2023-07-31
"307",9,"t2","sw",79,33,2023-07-31
"308",9,"t2","sw",46,33,2023-07-31
"309",9,"t2","sw",130,33,2023-07-31
"310",9,"t2","sw",100,33,2023-07-31
"311",9,"t2","sw",225,33,2023-07-31
"312",10,"45","ne",309,33,2023-07-31
"313",10,"45","ne",319,33,2023-07-31
"314",10,"45","ne",249,33,2023-07-31
"315",10,"45","ne",103,33,2023-07-31
"316",10,"45","ne",51,33,2023-07-31
"317",10,"45","ne",50,33,2023-07-31
"318",10,"45","ne",136,33,2023-07-31
"319",10,"45","ne",424,33,2023-07-31
"320",11,"b2","sw",341,33,2023-07-31
"321",11,"b2","sw",665,33,2023-07-31
"322",11,"b2","sw",437,33,2023-07-31
"323",11,"b2","sw",140,33,2023-07-31
"324",11,"b2","sw",54,33,2023-07-31
"325",11,"b2","sw",59,33,2023-07-31
"326",11,"b2","sw",155,33,2023-07-31
"327",11,"b2","sw",169,33,2023-07-31
"328",12,"45","ne",199,33,2023-07-31
"329",12,"45","ne",167,33,2023-07-31
"330",12,"45","ne",44,33,2023-07-31
"331",12,"45","ne",57,33,2023-07-31
"332",12,"45","ne",140,33,2023-07-31
"333",12,"45","ne",229,33,2023-07-31
"334",12,"45","ne",180,33,2023-07-31
"335",12,"45","ne",179,33,2023-07-31
"336",13,"t2","sw",100,33,2023-07-31
"337",13,"t2","sw",185,33,2023-07-31
"338",13,"t2","sw",345,33,2023-07-31
"339",13,"t2","sw",571,33,2023-07-31
"340",13,"t2","sw",311,33,2023-07-31
"341",13,"t2","sw",78,33,2023-07-31
"342",13,"t2","sw",77,33,2023-07-31
"343",13,"t2","sw",51,33,2023-07-31
"344",14,"b2","ne",263,33,2023-07-31
"345",14,"b2","ne",209,33,2023-07-31
"346",14,"b2","ne",127,33,2023-07-31
"347",14,"b2","ne",168,33,2023-07-31
"348",14,"b2","ne",116,33,2023-07-31
"349",14,"b2","ne",125,33,2023-07-31
"350",14,"b2","ne",87,33,2023-07-31
"351",14,"b2","ne",59,33,2023-07-31
"352",15,"45","sw",52,33,2023-07-31
"353",15,"45","sw",97,33,2023-07-31
"354",15,"45","sw",314,33,2023-07-31
"355",15,"45","sw",764,33,2023-07-31
"356",15,"45","sw",405,33,2023-07-31
"357",15,"45","sw",205,33,2023-07-31
"358",15,"45","sw",154,33,2023-07-31
"359",15,"45","sw",106,33,2023-07-31
"360",1,"b2","sw",572,40,2023-08-07
"361",1,"b2","sw",519,40,2023-08-07
"362",1,"b2","sw",354,40,2023-08-07
"363",1,"b2","sw",171,40,2023-08-07
"364",1,"b2","sw",143,40,2023-08-07
"365",1,"b2","sw",142,40,2023-08-07
"366",1,"b2","sw",476,40,2023-08-07
"367",1,"b2","sw",629,40,2023-08-07
"368",2,"45","ne",241,40,2023-08-07
"369",2,"45","ne",248,40,2023-08-07
"370",2,"45","ne",52,40,2023-08-07
"371",2,"45","ne",22,40,2023-08-07
"372",2,"45","ne",32,40,2023-08-07
"373",2,"45","ne",35,40,2023-08-07
"374",2,"45","ne",83,40,2023-08-07
"375",2,"45","ne",116,40,2023-08-07
"376",3,"t2","sw",306,40,2023-08-07
"377",3,"t2","sw",189,40,2023-08-07
"378",3,"t2","sw",116,40,2023-08-07
"379",3,"t2","sw",83,40,2023-08-07
"380",3,"t2","sw",79,40,2023-08-07
"381",3,"t2","sw",138,40,2023-08-07
"382",3,"t2","sw",391,40,2023-08-07
"383",3,"t2","sw",397,40,2023-08-07
"384",4,"b2","ne",378,40,2023-08-07
"385",4,"b2","ne",334,40,2023-08-07
"386",4,"b2","ne",161,40,2023-08-07
"387",4,"b2","ne",42,40,2023-08-07
"388",4,"b2","ne",93,40,2023-08-07
"389",4,"b2","ne",117,40,2023-08-07
"390",4,"b2","ne",219,40,2023-08-07
"391",4,"b2","ne",434,40,2023-08-07
"392",5,"45","sw",646,40,2023-08-07
"393",5,"45","sw",342,40,2023-08-07
"394",5,"45","sw",240,40,2023-08-07
"395",5,"45","sw",127,40,2023-08-07
"396",5,"45","sw",130,40,2023-08-07
"397",5,"45","sw",187,40,2023-08-07
"398",5,"45","sw",358,40,2023-08-07
"399",5,"45","sw",577,40,2023-08-07
"400",6,"b2","ne",395,40,2023-08-07
"401",6,"b2","ne",407,40,2023-08-07
"402",6,"b2","ne",223,40,2023-08-07
"403",6,"b2","ne",100,40,2023-08-07
"404",6,"b2","ne",86,40,2023-08-07
"405",6,"b2","ne",87,40,2023-08-07
"406",6,"b2","ne",171,40,2023-08-07
"407",6,"b2","ne",275,40,2023-08-07
"408",7,"45","sw",758,40,2023-08-07
"409",7,"45","sw",693,40,2023-08-07
"410",7,"45","sw",219,40,2023-08-07
"411",7,"45","sw",76,40,2023-08-07
"412",7,"45","sw",57,40,2023-08-07
"413",7,"45","sw",130,40,2023-08-07
"414",7,"45","sw",509,40,2023-08-07
"415",7,"45","sw",537,40,2023-08-07
"416",8,"b2","ne",645,40,2023-08-07
"417",8,"b2","ne",402,40,2023-08-07
"418",8,"b2","ne",215,40,2023-08-07
"419",8,"b2","ne",151,40,2023-08-07
"420",8,"b2","ne",80,40,2023-08-07
"421",8,"b2","ne",110,40,2023-08-07
"422",8,"b2","ne",222,40,2023-08-07
"423",8,"b2","ne",249,40,2023-08-07
"424",9,"t2","sw",432,40,2023-08-07
"425",9,"t2","sw",326,40,2023-08-07
"426",9,"t2","sw",103,40,2023-08-07
"427",9,"t2","sw",51,40,2023-08-07
"428",9,"t2","sw",74,40,2023-08-07
"429",9,"t2","sw",78,40,2023-08-07
"430",9,"t2","sw",160,40,2023-08-07
"431",9,"t2","sw",152,40,2023-08-07
"432",10,"45","ne",338,40,2023-08-07
"433",10,"45","ne",291,40,2023-08-07
"434",10,"45","ne",82,40,2023-08-07
"435",10,"45","ne",43,40,2023-08-07
"436",10,"45","ne",45,40,2023-08-07
"437",10,"45","ne",87,40,2023-08-07
"438",10,"45","ne",233,40,2023-08-07
"439",10,"45","ne",192,40,2023-08-07
"440",11,"b2","sw",265,40,2023-08-07
"441",11,"b2","sw",399,40,2023-08-07
"442",11,"b2","sw",71,40,2023-08-07
"443",11,"b2","sw",39,40,2023-08-07
"444",11,"b2","sw",38,40,2023-08-07
"445",11,"b2","sw",95,40,2023-08-07
"446",11,"b2","sw",146,40,2023-08-07
"447",11,"b2","sw",348,40,2023-08-07
"448",12,"45","ne",316,40,2023-08-07
"449",12,"45","ne",407,40,2023-08-07
"450",12,"45","ne",143,40,2023-08-07
"451",12,"45","ne",71,40,2023-08-07
"452",12,"45","ne",22,40,2023-08-07
"453",12,"45","ne",53,40,2023-08-07
"454",12,"45","ne",116,40,2023-08-07
"455",12,"45","ne",89,40,2023-08-07
"456",13,"t2","sw",184,40,2023-08-07
"457",13,"t2","sw",126,40,2023-08-07
"458",13,"t2","sw",108,40,2023-08-07
"459",13,"t2","sw",70,40,2023-08-07
"460",13,"t2","sw",68,40,2023-08-07
"461",13,"t2","sw",89,40,2023-08-07
"462",13,"t2","sw",214,40,2023-08-07
"463",13,"t2","sw",392,40,2023-08-07
"464",14,"b2","ne",236,40,2023-08-07
"465",14,"b2","ne",185,40,2023-08-07
"466",14,"b2","ne",181,40,2023-08-07
"467",14,"b2","ne",159,40,2023-08-07
"468",14,"b2","ne",80,40,2023-08-07
"469",14,"b2","ne",104,40,2023-08-07
"470",14,"b2","ne",228,40,2023-08-07
"471",14,"b2","ne",238,40,2023-08-07
"472",15,"45","sw",534,40,2023-08-07
"473",15,"45","sw",238,40,2023-08-07
"474",15,"45","sw",128,40,2023-08-07
"475",15,"45","sw",76,40,2023-08-07
"476",15,"45","sw",65,40,2023-08-07
"477",15,"45","sw",107,40,2023-08-07
"478",15,"45","sw",420,40,2023-08-07
"479",15,"45","sw",380,40,2023-08-07
"480",1,"b2","sw",1812,54,2023-08-21
"481",1,"b2","sw",1213,54,2023-08-21
"482",1,"b2","sw",520,54,2023-08-21
"483",1,"b2","sw",181,54,2023-08-21
"484",1,"b2","sw",438,54,2023-08-21
"485",1,"b2","sw",560,54,2023-08-21
"486",1,"b2","sw",1123,54,2023-08-21
"487",1,"b2","sw",1152,54,2023-08-21
"488",2,"45","ne",568,54,2023-08-21
"489",2,"45","ne",403,54,2023-08-21
"490",2,"45","ne",234,54,2023-08-21
"491",2,"45","ne",259,54,2023-08-21
"492",2,"45","ne",362,54,2023-08-21
"493",2,"45","ne",687,54,2023-08-21
"494",2,"45","ne",527,54,2023-08-21
"495",2,"45","ne",922,54,2023-08-21
"496",3,"t2","sw",742,54,2023-08-21
"497",3,"t2","sw",988,54,2023-08-21
"498",3,"t2","sw",629,54,2023-08-21
"499",3,"t2","sw",431,54,2023-08-21
"500",3,"t2","sw",160,54,2023-08-21
"501",3,"t2","sw",320,54,2023-08-21
"502",3,"t2","sw",1354,54,2023-08-21
"503",3,"t2","sw",1322,54,2023-08-21
"504",4,"b2","ne",1084,54,2023-08-21
"505",4,"b2","ne",1579,54,2023-08-21
"506",4,"b2","ne",1243,54,2023-08-21
"507",4,"b2","ne",411,54,2023-08-21
"508",4,"b2","ne",225,54,2023-08-21
"509",4,"b2","ne",226,54,2023-08-21
"510",4,"b2","ne",647,54,2023-08-21
"511",4,"b2","ne",1042,54,2023-08-21
"512",5,"45","sw",1592,54,2023-08-21
"513",5,"45","sw",1201,54,2023-08-21
"514",5,"45","sw",459,54,2023-08-21
"515",5,"45","sw",122,54,2023-08-21
"516",5,"45","sw",432,54,2023-08-21
"517",5,"45","sw",719,54,2023-08-21
"518",5,"45","sw",1007,54,2023-08-21
"519",5,"45","sw",963,54,2023-08-21
"520",6,"b2","ne",1301,54,2023-08-21
"521",6,"b2","ne",619,54,2023-08-21
"522",6,"b2","ne",467,54,2023-08-21
"523",6,"b2","ne",311,54,2023-08-21
"524",6,"b2","ne",426,54,2023-08-21
"525",6,"b2","ne",847,54,2023-08-21
"526",6,"b2","ne",1132,54,2023-08-21
"527",6,"b2","ne",1481,54,2023-08-21
"528",7,"45","sw",1140,54,2023-08-21
"529",7,"45","sw",1297,54,2023-08-21
"530",7,"45","sw",1427,54,2023-08-21
"531",7,"45","sw",859,54,2023-08-21
"532",7,"45","sw",476,54,2023-08-21
"533",7,"45","sw",250,54,2023-08-21
"534",7,"45","sw",1173,54,2023-08-21
"535",7,"45","sw",1974,54,2023-08-21
"536",8,"b2","ne",1687,54,2023-08-21
"537",8,"b2","ne",1318,54,2023-08-21
"538",8,"b2","ne",781,54,2023-08-21
"539",8,"b2","ne",350,54,2023-08-21
"540",8,"b2","ne",296,54,2023-08-21
"541",8,"b2","ne",455,54,2023-08-21
"542",8,"b2","ne",638,54,2023-08-21
"543",8,"b2","ne",769,54,2023-08-21
"544",9,"t2","sw",1036,54,2023-08-21
"545",9,"t2","sw",741,54,2023-08-21
"546",9,"t2","sw",531,54,2023-08-21
"547",9,"t2","sw",531,54,2023-08-21
"548",9,"t2","sw",252,54,2023-08-21
"549",9,"t2","sw",510,54,2023-08-21
"550",9,"t2","sw",1642,54,2023-08-21
"551",9,"t2","sw",899,54,2023-08-21
"552",10,"45","ne",1268,54,2023-08-21
"553",10,"45","ne",1853,54,2023-08-21
"554",10,"45","ne",828,54,2023-08-21
"555",10,"45","ne",458,54,2023-08-21
"556",10,"45","ne",265,54,2023-08-21
"557",10,"45","ne",250,54,2023-08-21
"558",10,"45","ne",422,54,2023-08-21
"559",10,"45","ne",764,54,2023-08-21
"560",11,"b2","sw",1496,54,2023-08-21
"561",11,"b2","sw",1478,54,2023-08-21
"562",11,"b2","sw",749,54,2023-08-21
"563",11,"b2","sw",450,54,2023-08-21
"564",11,"b2","sw",444,54,2023-08-21
"565",11,"b2","sw",825,54,2023-08-21
"566",11,"b2","sw",810,54,2023-08-21
"567",11,"b2","sw",1637,54,2023-08-21
"568",12,"45","ne",681,54,2023-08-21
"569",12,"45","ne",385,54,2023-08-21
"570",12,"45","ne",289,54,2023-08-21
"571",12,"45","ne",235,54,2023-08-21
"572",12,"45","ne",290,54,2023-08-21
"573",12,"45","ne",293,54,2023-08-21
"574",12,"45","ne",588,54,2023-08-21
"575",12,"45","ne",1111,54,2023-08-21
"576",13,"t2","sw",711,54,2023-08-21
"577",13,"t2","sw",747,54,2023-08-21
"578",13,"t2","sw",747,54,2023-08-21
"579",13,"t2","sw",422,54,2023-08-21
"580",13,"t2","sw",412,54,2023-08-21
"581",13,"t2","sw",689,54,2023-08-21
"582",13,"t2","sw",953,54,2023-08-21
"583",13,"t2","sw",1726,54,2023-08-21
"584",14,"b2","ne",738,54,2023-08-21
"585",14,"b2","ne",715,54,2023-08-21
"586",14,"b2","ne",606,54,2023-08-21
"587",14,"b2","ne",483,54,2023-08-21
"588",14,"b2","ne",426,54,2023-08-21
"589",14,"b2","ne",577,54,2023-08-21
"590",14,"b2","ne",898,54,2023-08-21
"591",14,"b2","ne",740,54,2023-08-21
"592",15,"45","sw",1134,54,2023-08-21
"593",15,"45","sw",1475,54,2023-08-21
"594",15,"45","sw",648,54,2023-08-21
"595",15,"45","sw",626,54,2023-08-21
"596",15,"45","sw",696,54,2023-08-21
"597",15,"45","sw",763,54,2023-08-21
"598",15,"45","sw",893,54,2023-08-21
"599",15,"45","sw",1879,54,2023-08-21
"600",1,"b2","sw",1191,70,2023-09-06
"601",1,"b2","sw",663,70,2023-09-06
"602",1,"b2","sw",415,70,2023-09-06
"603",1,"b2","sw",917,70,2023-09-06
"604",1,"b2","sw",1282,70,2023-09-06
"605",1,"b2","sw",949,70,2023-09-06
"606",1,"b2","sw",363,70,2023-09-06
"607",1,"b2","sw",559,70,2023-09-06
"608",2,"45","ne",1441,70,2023-09-06
"609",2,"45","ne",1658,70,2023-09-06
"610",2,"45","ne",613,70,2023-09-06
"611",2,"45","ne",329,70,2023-09-06
"612",2,"45","ne",936,70,2023-09-06
"613",2,"45","ne",686,70,2023-09-06
"614",2,"45","ne",224,70,2023-09-06
"615",2,"45","ne",262,70,2023-09-06
"616",3,"t2","sw",579,70,2023-09-06
"617",3,"t2","sw",1315,70,2023-09-06
"618",3,"t2","sw",1150,70,2023-09-06
"619",3,"t2","sw",375,70,2023-09-06
"620",3,"t2","sw",325,70,2023-09-06
"621",3,"t2","sw",246,70,2023-09-06
"622",3,"t2","sw",634,70,2023-09-06
"623",3,"t2","sw",1765,70,2023-09-06
"624",4,"b2","ne",1226,70,2023-09-06
"625",4,"b2","ne",1066,70,2023-09-06
"626",4,"b2","ne",483,70,2023-09-06
"627",4,"b2","ne",359,70,2023-09-06
"628",4,"b2","ne",564,70,2023-09-06
"629",4,"b2","ne",2453,70,2023-09-06
"630",4,"b2","ne",1346,70,2023-09-06
"631",4,"b2","ne",824,70,2023-09-06
"632",5,"45","sw",1571,70,2023-09-06
"633",5,"45","sw",655,70,2023-09-06
"634",5,"45","sw",246,70,2023-09-06
"635",5,"45","sw",350,70,2023-09-06
"636",5,"45","sw",674,70,2023-09-06
"637",5,"45","sw",1212,70,2023-09-06
"638",5,"45","sw",751,70,2023-09-06
"639",5,"45","sw",531,70,2023-09-06
"640",6,"b2","ne",1357,70,2023-09-06
"641",6,"b2","ne",587,70,2023-09-06
"642",6,"b2","ne",532,70,2023-09-06
"643",6,"b2","ne",445,70,2023-09-06
"644",6,"b2","ne",677,70,2023-09-06
"645",6,"b2","ne",1243,70,2023-09-06
"646",6,"b2","ne",1075,70,2023-09-06
"647",6,"b2","ne",968,70,2023-09-06
"648",7,"45","sw",598,70,2023-09-06
"649",7,"45","sw",370,70,2023-09-06
"650",7,"45","sw",155,70,2023-09-06
"651",7,"45","sw",359,70,2023-09-06
"652",7,"45","sw",464,70,2023-09-06
"653",7,"45","sw",973,70,2023-09-06
"654",7,"45","sw",537,70,2023-09-06
"655",7,"45","sw",605,70,2023-09-06
"656",8,"b2","ne",777,70,2023-09-06
"657",8,"b2","ne",1179,70,2023-09-06
"658",8,"b2","ne",381,70,2023-09-06
"659",8,"b2","ne",228,70,2023-09-06
"660",8,"b2","ne",387,70,2023-09-06
"661",8,"b2","ne",321,70,2023-09-06
"662",8,"b2","ne",657,70,2023-09-06
"663",8,"b2","ne",557,70,2023-09-06
"664",9,"t2","sw",563,70,2023-09-06
"665",9,"t2","sw",500,70,2023-09-06
"666",9,"t2","sw",1017,70,2023-09-06
"667",9,"t2","sw",536,70,2023-09-06
"668",9,"t2","sw",336,70,2023-09-06
"669",9,"t2","sw",592,70,2023-09-06
"670",9,"t2","sw",1298,70,2023-09-06
"671",9,"t2","sw",1200,70,2023-09-06
"672",10,"45","ne",1230,70,2023-09-06
"673",10,"45","ne",668,70,2023-09-06
"674",10,"45","ne",294,70,2023-09-06
"675",10,"45","ne",154,70,2023-09-06
"676",10,"45","ne",249,70,2023-09-06
"677",10,"45","ne",521,70,2023-09-06
"678",10,"45","ne",494,70,2023-09-06
"679",10,"45","ne",473,70,2023-09-06
"680",11,"b2","sw",197,70,2023-09-06
"681",11,"b2","sw",76,70,2023-09-06
"682",11,"b2","sw",190,70,2023-09-06
"683",11,"b2","sw",116,70,2023-09-06
"684",11,"b2","sw",226,70,2023-09-06
"685",11,"b2","sw",316,70,2023-09-06
"686",11,"b2","sw",1082,70,2023-09-06
"687",11,"b2","sw",808,70,2023-09-06
"688",12,"45","ne",612,70,2023-09-06
"689",12,"45","ne",476,70,2023-09-06
"690",12,"45","ne",357,70,2023-09-06
"691",12,"45","ne",142,70,2023-09-06
"692",12,"45","ne",338,70,2023-09-06
"693",12,"45","ne",994,70,2023-09-06
"694",12,"45","ne",419,70,2023-09-06
"695",12,"45","ne",306,70,2023-09-06
"696",13,"t2","sw",114,70,2023-09-06
"697",13,"t2","sw",242,70,2023-09-06
"698",13,"t2","sw",166,70,2023-09-06
"699",13,"t2","sw",251,70,2023-09-06
"700",13,"t2","sw",413,70,2023-09-06
"701",13,"t2","sw",1441,70,2023-09-06
"702",13,"t2","sw",882,70,2023-09-06
"703",13,"t2","sw",820,70,2023-09-06
"704",14,"b2","ne",1226,70,2023-09-06
"705",14,"b2","ne",632,70,2023-09-06
"706",14,"b2","ne",797,70,2023-09-06
"707",14,"b2","ne",880,70,2023-09-06
"708",14,"b2","ne",640,70,2023-09-06
"709",14,"b2","ne",380,70,2023-09-06
"710",14,"b2","ne",351,70,2023-09-06
"711",14,"b2","ne",719,70,2023-09-06
"712",15,"45","sw",2987,70,2023-09-06
"713",15,"45","sw",820,70,2023-09-06
"714",15,"45","sw",543,70,2023-09-06
"715",15,"45","sw",578,70,2023-09-06
"716",15,"45","sw",374,70,2023-09-06
"717",15,"45","sw",1123,70,2023-09-06
"718",15,"45","sw",1150,70,2023-09-06
"719",15,"45","sw",1469,70,2023-09-06
"720",1,"b2","sw",150,76,2023-09-12
"721",1,"b2","sw",109,76,2023-09-12
"722",1,"b2","sw",38,76,2023-09-12
"723",1,"b2","sw",34,76,2023-09-12
"724",1,"b2","sw",32,76,2023-09-12
"725",1,"b2","sw",23,76,2023-09-12
"726",1,"b2","sw",114,76,2023-09-12
"727",1,"b2","sw",253,76,2023-09-12
"728",2,"45","ne",217,76,2023-09-12
"729",2,"45","ne",113,76,2023-09-12
"730",2,"45","ne",22,76,2023-09-12
"731",2,"45","ne",10,76,2023-09-12
"732",2,"45","ne",6,76,2023-09-12
"733",2,"45","ne",15,76,2023-09-12
"734",2,"45","ne",33,76,2023-09-12
"735",2,"45","ne",71,76,2023-09-12
"736",3,"t2","sw",693,76,2023-09-12
"737",3,"t2","sw",615,76,2023-09-12
"738",3,"t2","sw",189,76,2023-09-12
"739",3,"t2","sw",90,76,2023-09-12
"740",3,"t2","sw",58,76,2023-09-12
"741",3,"t2","sw",186,76,2023-09-12
"742",3,"t2","sw",479,76,2023-09-12
"743",3,"t2","sw",1041,76,2023-09-12
"744",4,"b2","ne",1109,76,2023-09-12
"745",4,"b2","ne",790,76,2023-09-12
"746",4,"b2","ne",203,76,2023-09-12
"747",4,"b2","ne",80,76,2023-09-12
"748",4,"b2","ne",165,76,2023-09-12
"749",4,"b2","ne",240,76,2023-09-12
"750",4,"b2","ne",301,76,2023-09-12
"751",4,"b2","ne",336,76,2023-09-12
"752",5,"45","sw",581,76,2023-09-12
"753",5,"45","sw",432,76,2023-09-12
"754",5,"45","sw",175,76,2023-09-12
"755",5,"45","sw",63,76,2023-09-12
"756",5,"45","sw",68,76,2023-09-12
"757",5,"45","sw",89,76,2023-09-12
"758",5,"45","sw",346,76,2023-09-12
"759",5,"45","sw",542,76,2023-09-12
"760",6,"b2","ne",103,76,2023-09-12
"761",6,"b2","ne",54,76,2023-09-12
"762",6,"b2","ne",36,76,2023-09-12
"763",6,"b2","ne",39,76,2023-09-12
"764",6,"b2","ne",46,76,2023-09-12
"765",6,"b2","ne",62,76,2023-09-12
"766",6,"b2","ne",189,76,2023-09-12
"767",6,"b2","ne",165,76,2023-09-12
"768",7,"45","sw",544,76,2023-09-12
"769",7,"45","sw",298,76,2023-09-12
"770",7,"45","sw",88,76,2023-09-12
"771",7,"45","sw",63,76,2023-09-12
"772",7,"45","sw",56,76,2023-09-12
"773",7,"45","sw",151,76,2023-09-12
"774",7,"45","sw",461,76,2023-09-12
"775",7,"45","sw",379,76,2023-09-12
"776",8,"b2","ne",85,76,2023-09-12
"777",8,"b2","ne",71,76,2023-09-12
"778",8,"b2","ne",57,76,2023-09-12
"779",8,"b2","ne",49,76,2023-09-12
"780",8,"b2","ne",32,76,2023-09-12
"781",8,"b2","ne",65,76,2023-09-12
"782",8,"b2","ne",97,76,2023-09-12
"783",8,"b2","ne",134,76,2023-09-12
"784",9,"t2","sw",754,76,2023-09-12
"785",9,"t2","sw",661,76,2023-09-12
"786",9,"t2","sw",199,76,2023-09-12
"787",9,"t2","sw",100,76,2023-09-12
"788",9,"t2","sw",169,76,2023-09-12
"789",9,"t2","sw",277,76,2023-09-12
"790",9,"t2","sw",491,76,2023-09-12
"791",9,"t2","sw",803,76,2023-09-12
"792",10,"45","ne",114,76,2023-09-12
"793",10,"45","ne",84,76,2023-09-12
"794",10,"45","ne",45,76,2023-09-12
"795",10,"45","ne",13,76,2023-09-12
"796",10,"45","ne",18,76,2023-09-12
"797",10,"45","ne",66,76,2023-09-12
"798",10,"45","ne",12,76,2023-09-12
"799",10,"45","ne",60,76,2023-09-12
"800",11,"b2","sw",118,76,2023-09-12
"801",11,"b2","sw",106,76,2023-09-12
"802",11,"b2","sw",41,76,2023-09-12
"803",11,"b2","sw",34,76,2023-09-12
"804",11,"b2","sw",31,76,2023-09-12
"805",11,"b2","sw",25,76,2023-09-12
"806",11,"b2","sw",60,76,2023-09-12
"807",11,"b2","sw",74,76,2023-09-12
"808",12,"45","ne",50,76,2023-09-12
"809",12,"45","ne",41,76,2023-09-12
"810",12,"45","ne",33,76,2023-09-12
"811",12,"45","ne",28,76,2023-09-12
"812",12,"45","ne",37,76,2023-09-12
"813",12,"45","ne",59,76,2023-09-12
"814",12,"45","ne",169,76,2023-09-12
"815",12,"45","ne",148,76,2023-09-12
"816",13,"t2","sw",446,76,2023-09-12
"817",13,"t2","sw",343,76,2023-09-12
"818",13,"t2","sw",161,76,2023-09-12
"819",13,"t2","sw",89,76,2023-09-12
"820",13,"t2","sw",70,76,2023-09-12
"821",13,"t2","sw",158,76,2023-09-12
"822",13,"t2","sw",299,76,2023-09-12
"823",13,"t2","sw",299,76,2023-09-12
"824",14,"b2","ne",222,76,2023-09-12
"825",14,"b2","ne",137,76,2023-09-12
"826",14,"b2","ne",109,76,2023-09-12
"827",14,"b2","ne",61,76,2023-09-12
"828",14,"b2","ne",31,76,2023-09-12
"829",14,"b2","ne",63,76,2023-09-12
"830",14,"b2","ne",239,76,2023-09-12
"831",14,"b2","ne",274,76,2023-09-12
"832",15,"45","sw",431,76,2023-09-12
"833",15,"45","sw",257,76,2023-09-12
"834",15,"45","sw",68,76,2023-09-12
"835",15,"45","sw",67,76,2023-09-12
"836",15,"45","sw",96,76,2023-09-12
"837",15,"45","sw",156,76,2023-09-12
"838",15,"45","sw",278,76,2023-09-12
"839",15,"45","sw",306,76,2023-09-12
"840",1,"b2","sw",132,90,2023-09-26
"841",1,"b2","sw",153,90,2023-09-26
"842",1,"b2","sw",54,90,2023-09-26
"843",1,"b2","sw",47,90,2023-09-26
"844",1,"b2","sw",118,90,2023-09-26
"845",1,"b2","sw",74,90,2023-09-26
"846",1,"b2","sw",115,90,2023-09-26
"847",1,"b2","sw",193,90,2023-09-26
"848",2,"45","ne",139,90,2023-09-26
"849",2,"45","ne",86,90,2023-09-26
"850",2,"45","ne",18,90,2023-09-26
"851",2,"45","ne",13,90,2023-09-26
"852",2,"45","ne",30,90,2023-09-26
"853",2,"45","ne",36,90,2023-09-26
"854",2,"45","ne",61,90,2023-09-26
"855",2,"45","ne",76,90,2023-09-26
"856",3,"t2","sw",392,90,2023-09-26
"857",3,"t2","sw",419,90,2023-09-26
"858",3,"t2","sw",261,90,2023-09-26
"859",3,"t2","sw",112,90,2023-09-26
"860",3,"t2","sw",261,90,2023-09-26
"861",3,"t2","sw",230,90,2023-09-26
"862",3,"t2","sw",275,90,2023-09-26
"863",3,"t2","sw",446,90,2023-09-26
"864",4,"b2","ne",420,90,2023-09-26
"865",4,"b2","ne",258,90,2023-09-26
"866",4,"b2","ne",93,90,2023-09-26
"867",4,"b2","ne",40,90,2023-09-26
"868",4,"b2","ne",174,90,2023-09-26
"869",4,"b2","ne",125,90,2023-09-26
"870",4,"b2","ne",158,90,2023-09-26
"871",4,"b2","ne",211,90,2023-09-26
"872",5,"45","sw",583,90,2023-09-26
"873",5,"45","sw",285,90,2023-09-26
"874",5,"45","sw",135,90,2023-09-26
"875",5,"45","sw",120,90,2023-09-26
"876",5,"45","sw",200,90,2023-09-26
"877",5,"45","sw",162,90,2023-09-26
"878",5,"45","sw",202,90,2023-09-26
"879",5,"45","sw",295,90,2023-09-26
"880",6,"b2","ne",245,90,2023-09-26
"881",6,"b2","ne",137,90,2023-09-26
"882",6,"b2","ne",54,90,2023-09-26
"883",6,"b2","ne",46,90,2023-09-26
"884",6,"b2","ne",94,90,2023-09-26
"885",6,"b2","ne",84,90,2023-09-26
"886",6,"b2","ne",94,90,2023-09-26
"887",6,"b2","ne",147,90,2023-09-26
"888",7,"45","sw",691,90,2023-09-26
"889",7,"45","sw",332,90,2023-09-26
"890",7,"45","sw",138,90,2023-09-26
"891",7,"45","sw",142,90,2023-09-26
"892",7,"45","sw",282,90,2023-09-26
"893",7,"45","sw",155,90,2023-09-26
"894",7,"45","sw",325,90,2023-09-26
"895",7,"45","sw",490,90,2023-09-26
"896",8,"b2","ne",297,90,2023-09-26
"897",8,"b2","ne",227,90,2023-09-26
"898",8,"b2","ne",172,90,2023-09-26
"899",8,"b2","ne",97,90,2023-09-26
"900",8,"b2","ne",295,90,2023-09-26
"901",8,"b2","ne",279,90,2023-09-26
"902",8,"b2","ne",270,90,2023-09-26
"903",8,"b2","ne",335,90,2023-09-26
"904",9,"t2","sw",561,90,2023-09-26
"905",9,"t2","sw",558,90,2023-09-26
"906",9,"t2","sw",208,90,2023-09-26
"907",9,"t2","sw",90,90,2023-09-26
"908",9,"t2","sw",217,90,2023-09-26
"909",9,"t2","sw",284,90,2023-09-26
"910",9,"t2","sw",347,90,2023-09-26
"911",9,"t2","sw",229,90,2023-09-26
"912",10,"45","ne",148,90,2023-09-26
"913",10,"45","ne",167,90,2023-09-26
"914",10,"45","ne",40,90,2023-09-26
"915",10,"45","ne",41,90,2023-09-26
"916",10,"45","ne",110,90,2023-09-26
"917",10,"45","ne",142,90,2023-09-26
"918",10,"45","ne",57,90,2023-09-26
"919",10,"45","ne",76,90,2023-09-26
"920",11,"b2","sw",451,90,2023-09-26
"921",11,"b2","sw",301,90,2023-09-26
"922",11,"b2","sw",208,90,2023-09-26
"923",11,"b2","sw",119,90,2023-09-26
"924",11,"b2","sw",123,90,2023-09-26
"925",11,"b2","sw",156,90,2023-09-26
"926",11,"b2","sw",233,90,2023-09-26
"927",11,"b2","sw",374,90,2023-09-26
"928",12,"45","ne",127,90,2023-09-26
"929",12,"45","ne",161,90,2023-09-26
"930",12,"45","ne",40,90,2023-09-26
"931",12,"45","ne",25,90,2023-09-26
"932",12,"45","ne",64,90,2023-09-26
"933",12,"45","ne",58,90,2023-09-26
"934",12,"45","ne",60,90,2023-09-26
"935",12,"45","ne",98,90,2023-09-26
"936",13,"t2","sw",170,90,2023-09-26
"937",13,"t2","sw",240,90,2023-09-26
"938",13,"t2","sw",188,90,2023-09-26
"939",13,"t2","sw",136,90,2023-09-26
"940",13,"t2","sw",187,90,2023-09-26
"941",13,"t2","sw",154,90,2023-09-26
"942",13,"t2","sw",201,90,2023-09-26
"943",13,"t2","sw",295,90,2023-09-26
"944",14,"b2","ne",358,90,2023-09-26
"945",14,"b2","ne",453,90,2023-09-26
"946",14,"b2","ne",51,90,2023-09-26
"947",14,"b2","ne",75,90,2023-09-26
"948",14,"b2","ne",189,90,2023-09-26
"949",14,"b2","ne",120,90,2023-09-26
"950",14,"b2","ne",151,90,2023-09-26
"951",14,"b2","ne",139,90,2023-09-26
"952",15,"45","sw",760,90,2023-09-26
"953",15,"45","sw",741,90,2023-09-26
"954",15,"45","sw",135,90,2023-09-26
"955",15,"45","sw",128,90,2023-09-26
"956",15,"45","sw",196,90,2023-09-26
"957",15,"45","sw",168,90,2023-09-26
"958",15,"45","sw",297,90,2023-09-26
"959",15,"45","sw",275,90,2023-09-26
"960",1,"b2","sw",161,103,2023-10-09
"961",1,"b2","sw",138,103,2023-10-09
"962",1,"b2","sw",42,103,2023-10-09
"963",1,"b2","sw",51,103,2023-10-09
"964",1,"b2","sw",33,103,2023-10-09
"965",1,"b2","sw",60,103,2023-10-09
"966",1,"b2","sw",166,103,2023-10-09
"967",1,"b2","sw",137,103,2023-10-09
"968",2,"45","ne",53,103,2023-10-09
"969",2,"45","ne",54,103,2023-10-09
"970",2,"45","ne",22,103,2023-10-09
"971",2,"45","ne",12,103,2023-10-09
"972",2,"45","ne",16,103,2023-10-09
"973",2,"45","ne",7,103,2023-10-09
"974",2,"45","ne",32,103,2023-10-09
"975",2,"45","ne",51,103,2023-10-09
"976",3,"t2","sw",316,103,2023-10-09
"977",3,"t2","sw",223,103,2023-10-09
"978",3,"t2","sw",142,103,2023-10-09
"979",3,"t2","sw",71,103,2023-10-09
"980",3,"t2","sw",50,103,2023-10-09
"981",3,"t2","sw",99,103,2023-10-09
"982",3,"t2","sw",207,103,2023-10-09
"983",3,"t2","sw",282,103,2023-10-09
"984",4,"b2","ne",168,103,2023-10-09
"985",4,"b2","ne",128,103,2023-10-09
"986",4,"b2","ne",82,103,2023-10-09
"987",4,"b2","ne",26,103,2023-10-09
"988",4,"b2","ne",47,103,2023-10-09
"989",4,"b2","ne",43,103,2023-10-09
"990",4,"b2","ne",131,103,2023-10-09
"991",4,"b2","ne",184,103,2023-10-09
"992",5,"45","sw",199,103,2023-10-09
"993",5,"45","sw",162,103,2023-10-09
"994",5,"45","sw",93,103,2023-10-09
"995",5,"45","sw",74,103,2023-10-09
"996",5,"45","sw",49,103,2023-10-09
"997",5,"45","sw",162,103,2023-10-09
"998",5,"45","sw",190,103,2023-10-09
"999",5,"45","sw",235,103,2023-10-09
"1000",6,"b2","ne",157,103,2023-10-09
"1001",6,"b2","ne",165,103,2023-10-09
"1002",6,"b2","ne",76,103,2023-10-09
"1003",6,"b2","ne",44,103,2023-10-09
"1004",6,"b2","ne",75,103,2023-10-09
"1005",6,"b2","ne",60,103,2023-10-09
"1006",6,"b2","ne",17,103,2023-10-09
"1007",6,"b2","ne",109,103,2023-10-09
"1008",7,"45","sw",203,103,2023-10-09
"1009",7,"45","sw",282,103,2023-10-09
"1010",7,"45","sw",104,103,2023-10-09
"1011",7,"45","sw",96,103,2023-10-09
"1012",7,"45","sw",80,103,2023-10-09
"1013",7,"45","sw",175,103,2023-10-09
"1014",7,"45","sw",364,103,2023-10-09
"1015",7,"45","sw",254,103,2023-10-09
"1016",8,"b2","ne",217,103,2023-10-09
"1017",8,"b2","ne",178,103,2023-10-09
"1018",8,"b2","ne",87,103,2023-10-09
"1019",8,"b2","ne",73,103,2023-10-09
"1020",8,"b2","ne",56,103,2023-10-09
"1021",8,"b2","ne",73,103,2023-10-09
"1022",8,"b2","ne",137,103,2023-10-09
"1023",8,"b2","ne",205,103,2023-10-09
"1024",9,"t2","sw",246,103,2023-10-09
"1025",9,"t2","sw",280,103,2023-10-09
"1026",9,"t2","sw",134,103,2023-10-09
"1027",9,"t2","sw",70,103,2023-10-09
"1028",9,"t2","sw",51,103,2023-10-09
"1029",9,"t2","sw",155,103,2023-10-09
"1030",9,"t2","sw",393,103,2023-10-09
"1031",9,"t2","sw",419,103,2023-10-09
"1032",10,"45","ne",107,103,2023-10-09
"1033",10,"45","ne",101,103,2023-10-09
"1034",10,"45","ne",68,103,2023-10-09
"1035",10,"45","ne",37,103,2023-10-09
"1036",10,"45","ne",28,103,2023-10-09
"1037",10,"45","ne",66,103,2023-10-09
"1038",10,"45","ne",75,103,2023-10-09
"1039",10,"45","ne",119,103,2023-10-09
"1040",11,"b2","sw",224,103,2023-10-09
"1041",11,"b2","sw",243,103,2023-10-09
"1042",11,"b2","sw",129,103,2023-10-09
"1043",11,"b2","sw",61,103,2023-10-09
"1044",11,"b2","sw",55,103,2023-10-09
"1045",11,"b2","sw",120,103,2023-10-09
"1046",11,"b2","sw",234,103,2023-10-09
"1047",11,"b2","sw",262,103,2023-10-09
"1048",12,"45","ne",82,103,2023-10-09
"1049",12,"45","ne",101,103,2023-10-09
"1050",12,"45","ne",71,103,2023-10-09
"1051",12,"45","ne",33,103,2023-10-09
"1052",12,"45","ne",56,103,2023-10-09
"1053",12,"45","ne",88,103,2023-10-09
"1054",12,"45","ne",88,103,2023-10-09
"1055",12,"45","ne",96,103,2023-10-09
"1056",13,"t2","sw",229,103,2023-10-09
"1057",13,"t2","sw",194,103,2023-10-09
"1058",13,"t2","sw",155,103,2023-10-09
"1059",13,"t2","sw",101,103,2023-10-09
"1060",13,"t2","sw",78,103,2023-10-09
"1061",13,"t2","sw",79,103,2023-10-09
"1062",13,"t2","sw",418,103,2023-10-09
"1063",13,"t2","sw",425,103,2023-10-09
"1064",14,"b2","ne",168,103,2023-10-09
"1065",14,"b2","ne",216,103,2023-10-09
"1066",14,"b2","ne",107,103,2023-10-09
"1067",14,"b2","ne",91,103,2023-10-09
"1068",14,"b2","ne",97,103,2023-10-09
"1069",14,"b2","ne",120,103,2023-10-09
"1070",14,"b2","ne",221,103,2023-10-09
"1071",14,"b2","ne",192,103,2023-10-09
"1072",15,"45","sw",303,103,2023-10-09
"1073",15,"45","sw",306,103,2023-10-09
"1074",15,"45","sw",175,103,2023-10-09
"1075",15,"45","sw",200,103,2023-10-09
"1076",15,"45","sw",118,103,2023-10-09
"1077",15,"45","sw",164,103,2023-10-09
"1078",15,"45","sw",312,103,2023-10-09
"1079",15,"45","sw",266,103,2023-10-09
"1080",1,"b2","sw",66,114,2023-10-20
"1081",1,"b2","sw",90,114,2023-10-20
"1082",1,"b2","sw",18,114,2023-10-20
"1083",1,"b2","sw",11,114,2023-10-20
"1084",1,"b2","sw",20,114,2023-10-20
"1085",1,"b2","sw",10,114,2023-10-20
"1086",1,"b2","sw",46,114,2023-10-20
"1087",1,"b2","sw",75,114,2023-10-20
"1088",2,"45","ne",53,114,2023-10-20
"1089",2,"45","ne",46,114,2023-10-20
"1090",2,"45","ne",11,114,2023-10-20
"1091",2,"45","ne",5,114,2023-10-20
"1092",2,"45","ne",7,114,2023-10-20
"1093",2,"45","ne",9,114,2023-10-20
"1094",2,"45","ne",22,114,2023-10-20
"1095",2,"45","ne",27,114,2023-10-20
"1096",3,"t2","sw",226,114,2023-10-20
"1097",3,"t2","sw",194,114,2023-10-20
"1098",3,"t2","sw",73,114,2023-10-20
"1099",3,"t2","sw",52,114,2023-10-20
"1100",3,"t2","sw",41,114,2023-10-20
"1101",3,"t2","sw",68,114,2023-10-20
"1102",3,"t2","sw",196,114,2023-10-20
"1103",3,"t2","sw",347,114,2023-10-20
"1104",5,"45","sw",156,114,2023-10-20
"1105",5,"45","sw",128,114,2023-10-20
"1106",5,"45","sw",55,114,2023-10-20
"1107",5,"45","sw",26,114,2023-10-20
"1108",5,"45","sw",37,114,2023-10-20
"1109",5,"45","sw",54,114,2023-10-20
"1110",5,"45","sw",22,114,2023-10-20
"1111",5,"45","sw",143,114,2023-10-20
"1112",6,"b2","ne",150,114,2023-10-20
"1113",6,"b2","ne",214,114,2023-10-20
"1114",6,"b2","ne",134,114,2023-10-20
"1115",6,"b2","ne",70,114,2023-10-20
"1116",6,"b2","ne",75,114,2023-10-20
"1117",6,"b2","ne",71,114,2023-10-20
"1118",6,"b2","ne",65,114,2023-10-20
"1119",6,"b2","ne",104,114,2023-10-20
"1120",7,"45","sw",171,114,2023-10-20
"1121",7,"45","sw",207,114,2023-10-20
"1122",7,"45","sw",54,114,2023-10-20
"1123",7,"45","sw",30,114,2023-10-20
"1124",7,"45","sw",58,114,2023-10-20
"1125",7,"45","sw",53,114,2023-10-20
"1126",7,"45","sw",174,114,2023-10-20
"1127",7,"45","sw",226,114,2023-10-20
"1128",8,"b2","ne",204,114,2023-10-20
"1129",8,"b2","ne",158,114,2023-10-20
"1130",8,"b2","ne",40,114,2023-10-20
"1131",8,"b2","ne",25,114,2023-10-20
"1132",8,"b2","ne",55,114,2023-10-20
"1133",8,"b2","ne",66,114,2023-10-20
"1134",8,"b2","ne",129,114,2023-10-20
"1135",8,"b2","ne",198,114,2023-10-20
"1136",9,"t2","sw",307,114,2023-10-20
"1137",9,"t2","sw",260,114,2023-10-20
"1138",9,"t2","sw",85,114,2023-10-20
"1139",9,"t2","sw",63,114,2023-10-20
"1140",9,"t2","sw",64,114,2023-10-20
"1141",9,"t2","sw",71,114,2023-10-20
"1142",9,"t2","sw",195,114,2023-10-20
"1143",9,"t2","sw",253,114,2023-10-20
"1144",10,"45","ne",116,114,2023-10-20
"1145",10,"45","ne",182,114,2023-10-20
"1146",10,"45","ne",89,114,2023-10-20
"1147",10,"45","ne",49,114,2023-10-20
"1148",10,"45","ne",38,114,2023-10-20
"1149",10,"45","ne",74,114,2023-10-20
"1150",10,"45","ne",73,114,2023-10-20
"1151",10,"45","ne",92,114,2023-10-20
"1152",11,"b2","sw",217,114,2023-10-20
"1153",11,"b2","sw",259,114,2023-10-20
"1154",11,"b2","sw",77,114,2023-10-20
"1155",11,"b2","sw",48,114,2023-10-20
"1156",11,"b2","sw",41,114,2023-10-20
"1157",11,"b2","sw",53,114,2023-10-20
"1158",11,"b2","sw",197,114,2023-10-20
"1159",11,"b2","sw",263,114,2023-10-20
"1160",12,"45","ne",140,114,2023-10-20
"1161",12,"45","ne",181,114,2023-10-20
"1162",12,"45","ne",45,114,2023-10-20
"1163",12,"45","ne",44,114,2023-10-20
"1164",12,"45","ne",43,114,2023-10-20
"1165",12,"45","ne",58,114,2023-10-20
"1166",12,"45","ne",54,114,2023-10-20
"1167",12,"45","ne",65,114,2023-10-20
"1168",13,"t2","sw",307,114,2023-10-20
"1169",13,"t2","sw",258,114,2023-10-20
"1170",13,"t2","sw",142,114,2023-10-20
"1171",13,"t2","sw",100,114,2023-10-20
"1172",13,"t2","sw",86,114,2023-10-20
"1173",13,"t2","sw",79,114,2023-10-20
"1174",13,"t2","sw",280,114,2023-10-20
"1175",13,"t2","sw",352,114,2023-10-20
"1176",14,"b2","ne",228,114,2023-10-20
"1177",14,"b2","ne",178,114,2023-10-20
"1178",14,"b2","ne",90,114,2023-10-20
"1179",14,"b2","ne",77,114,2023-10-20
"1180",14,"b2","ne",89,114,2023-10-20
"1181",14,"b2","ne",66,114,2023-10-20
"1182",14,"b2","ne",94,114,2023-10-20
"1183",14,"b2","ne",113,114,2023-10-20
"1184",15,"45","sw",247,114,2023-10-20
"1185",15,"45","sw",301,114,2023-10-20
"1186",15,"45","sw",235,114,2023-10-20
"1187",15,"45","sw",190,114,2023-10-20
"1188",15,"45","sw",183,114,2023-10-20
"1189",15,"45","sw",161,114,2023-10-20
"1190",15,"45","sw",291,114,2023-10-20
"1191",15,"45","sw",228,114,2023-10-20
"1192",1,"b2","sw",21,122,2023-10-28
"1193",1,"b2","sw",23,122,2023-10-28
"1194",1,"b2","sw",4,122,2023-10-28
"1195",1,"b2","sw",7,122,2023-10-28
"1196",1,"b2","sw",10,122,2023-10-28
"1197",1,"b2","sw",1,122,2023-10-28
"1198",1,"b2","sw",13,122,2023-10-28
"1199",1,"b2","sw",22,122,2023-10-28
"1200",2,"45","ne",21,122,2023-10-28
"1201",2,"45","ne",19,122,2023-10-28
"1202",2,"45","ne",4,122,2023-10-28
"1203",2,"45","ne",2,122,2023-10-28
"1204",2,"45","ne",2,122,2023-10-28
"1205",2,"45","ne",3,122,2023-10-28
"1206",2,"45","ne",2,122,2023-10-28
"1207",2,"45","ne",9,122,2023-10-28
"1208",3,"t2","sw",144,122,2023-10-28
"1209",3,"t2","sw",91,122,2023-10-28
"1210",3,"t2","sw",49,122,2023-10-28
"1211",3,"t2","sw",28,122,2023-10-28
"1212",3,"t2","sw",8,122,2023-10-28
"1213",3,"t2","sw",24,122,2023-10-28
"1214",3,"t2","sw",43,122,2023-10-28
"1215",3,"t2","sw",45,122,2023-10-28
"1216",5,"45","sw",43,122,2023-10-28
"1217",5,"45","sw",29,122,2023-10-28
"1218",5,"45","sw",8,122,2023-10-28
"1219",5,"45","sw",8,122,2023-10-28
"1220",5,"45","sw",2,122,2023-10-28
"1221",5,"45","sw",1,122,2023-10-28
"1222",5,"45","sw",15,122,2023-10-28
"1223",5,"45","sw",22,122,2023-10-28
"1224",6,"b2","ne",151,122,2023-10-28
"1225",6,"b2","ne",145,122,2023-10-28
"1226",6,"b2","ne",115,122,2023-10-28
"1227",6,"b2","ne",17,122,2023-10-28
"1228",6,"b2","ne",82,122,2023-10-28
"1229",6,"b2","ne",42,122,2023-10-28
"1230",6,"b2","ne",10,122,2023-10-28
"1231",6,"b2","ne",25,122,2023-10-28
"1232",7,"45","sw",21,122,2023-10-28
"1233",7,"45","sw",27,122,2023-10-28
"1234",7,"45","sw",10,122,2023-10-28
"1235",7,"45","sw",1,122,2023-10-28
"1236",7,"45","sw",6,122,2023-10-28
"1237",7,"45","sw",7,122,2023-10-28
"1238",7,"45","sw",16,122,2023-10-28
"1239",7,"45","sw",36,122,2023-10-28
"1240",8,"b2","ne",105,122,2023-10-28
"1241",8,"b2","ne",158,122,2023-10-28
"1242",8,"b2","ne",27,122,2023-10-28
"1243",8,"b2","ne",13,122,2023-10-28
"1244",8,"b2","ne",18,122,2023-10-28
"1245",8,"b2","ne",9,122,2023-10-28
"1246",8,"b2","ne",24,122,2023-10-28
"1247",8,"b2","ne",22,122,2023-10-28
"1248",9,"t2","sw",188,122,2023-10-28
"1249",9,"t2","sw",228,122,2023-10-28
"1250",9,"t2","sw",88,122,2023-10-28
"1251",9,"t2","sw",42,122,2023-10-28
"1252",9,"t2","sw",18,122,2023-10-28
"1253",9,"t2","sw",11,122,2023-10-28
"1254",9,"t2","sw",19,122,2023-10-28
"1255",9,"t2","sw",77,122,2023-10-28
"1256",10,"45","ne",87,122,2023-10-28
"1257",10,"45","ne",87,122,2023-10-28
"1258",10,"45","ne",46,122,2023-10-28
"1259",10,"45","ne",11,122,2023-10-28
"1260",10,"45","ne",14,122,2023-10-28
"1261",10,"45","ne",21,122,2023-10-28
"1262",10,"45","ne",9,122,2023-10-28
"1263",10,"45","ne",27,122,2023-10-28
"1264",11,"b2","sw",74,122,2023-10-28
"1265",11,"b2","sw",255,122,2023-10-28
"1266",11,"b2","sw",58,122,2023-10-28
"1267",11,"b2","sw",24,122,2023-10-28
"1268",11,"b2","sw",16,122,2023-10-28
"1269",11,"b2","sw",24,122,2023-10-28
"1270",11,"b2","sw",45,122,2023-10-28
"1271",11,"b2","sw",62,122,2023-10-28
"1272",12,"45","ne",73,122,2023-10-28
"1273",12,"45","ne",102,122,2023-10-28
"1274",12,"45","ne",19,122,2023-10-28
"1275",12,"45","ne",2,122,2023-10-28
"1276",12,"45","ne",5,122,2023-10-28
"1277",12,"45","ne",7,122,2023-10-28
"1278",12,"45","ne",8,122,2023-10-28
"1279",12,"45","ne",9,122,2023-10-28
"1280",13,"t2","sw",261,122,2023-10-28
"1281",13,"t2","sw",388,122,2023-10-28
"1282",13,"t2","sw",195,122,2023-10-28
"1283",13,"t2","sw",27,122,2023-10-28
"1284",13,"t2","sw",28,122,2023-10-28
"1285",13,"t2","sw",20,122,2023-10-28
"1286",13,"t2","sw",35,122,2023-10-28
"1287",13,"t2","sw",61,122,2023-10-28
"1288",14,"b2","ne",137,122,2023-10-28
"1289",14,"b2","ne",71,122,2023-10-28
"1290",14,"b2","ne",42,122,2023-10-28
"1291",14,"b2","ne",38,122,2023-10-28
"1292",14,"b2","ne",34,122,2023-10-28
"1293",14,"b2","ne",17,122,2023-10-28
"1294",14,"b2","ne",25,122,2023-10-28
"1295",14,"b2","ne",26,122,2023-10-28
"1296",15,"45","sw",202,122,2023-10-28
"1297",15,"45","sw",164,122,2023-10-28
"1298",15,"45","sw",68,122,2023-10-28
"1299",15,"45","sw",52,122,2023-10-28
"1300",15,"45","sw",24,122,2023-10-28
"1301",15,"45","sw",23,122,2023-10-28
"1302",15,"45","sw",88,122,2023-10-28
"1303",15,"45","sw",70,122,2023-10-28
